{
  "version": 1,
  "width": 80,
  "height": 24,
  "duration": 35.293797,
  "command": null,
  "title": null,
  "env": {
    "TERM": "xterm-256color",
    "SHELL": "/bin/zsh"
  },
  "stdout": [
    [
      1.469316,
      "\u001b[1m\u001b[7m%\u001b[27m\u001b[1m\u001b[0m                                                                               \r \r"
    ],
    [
      0.078455,
      "\u001b]2;pawelad@bender: ~\u0007\u001b]1;~\u0007"
    ],
    [
      0.012971,
      "\r\u001b[0m\u001b[27m\u001b[24m\u001b[J\r\n\u001b[1m\u001b[34m#\u001b[00m \u001b[36mpawelad \u001b[37mat \u001b[32mbender \u001b[37min \u001b[1m\u001b[33m~\u001b[00m \u001b[37m[11:49:30]\r\n\u001b[1m\u001b[31m→ \u001b[00m\u001b[K"
    ],
    [
      0.000182,
      "\u001b[?1h\u001b="
    ],
    [
      0.409759,
      "\u001b[1m\u001b[31mh\u001b[0m\u001b[39m"
    ],
    [
      0.211296,
      "\b\u001b[1m\u001b[31mh\u001b[1m\u001b[31mt\u001b[0m\u001b[39m"
    ],
    [
      0.184588,
      "\b\b\u001b[1m\u001b[31mh\u001b[1m\u001b[31mt\u001b[1m\u001b[31mt\u001b[0m\u001b[39m"
    ],
    [
      0.302878,
      "\b\b\b\u001b[0m\u001b[32mh\u001b[0m\u001b[32mt\u001b[0m\u001b[32mt\u001b[32mp\u001b[39m"
    ],
    [
      0.606786,
      " "
    ],
    [
      0.60993,
      "v"
    ],
    [
      0.199759,
      "e"
    ],
    [
      0.167938,
      "r"
    ],
    [
      0.104166,
      "s"
    ],
    [
      0.206602,
      "e"
    ],
    [
      0.233359,
      "."
    ],
    [
      0.216239,
      "p"
    ],
    [
      0.088487,
      "a"
    ],
    [
      0.119413,
      "w"
    ],
    [
      0.255964,
      "e"
    ],
    [
      0.648083,
      "l"
    ],
    [
      0.68803,
      "a"
    ],
    [
      0.247922,
      "d"
    ],
    [
      0.767939,
      "."
    ],
    [
      0.440029,
      "x"
    ],
    [
      0.248198,
      "y"
    ],
    [
      0.232,
      "z"
    ],
    [
      0.392091,
      "/"
    ],
    [
      0.647496,
      "a"
    ],
    [
      0.144023,
      "p"
    ],
    [
      0.256268,
      "i"
    ],
    [
      0.350786,
      "/"
    ],
    [
      0.184493,
      "v"
    ],
    [
      0.224669,
      "1"
    ],
    [
      0.376079,
      "/"
    ],
    [
      0.472167,
      "p"
    ],
    [
      0.295898,
      "y"
    ],
    [
      0.151479,
      "t"
    ],
    [
      0.040133,
      "h"
    ],
    [
      0.272504,
      "o"
    ],
    [
      0.287553,
      "n"
    ],
    [
      0.488072,
      "/"
    ],
    [
      0.67061,
      "\u001b[?1l\u001b>"
    ],
    [
      0.001942,
      "\r\r\n"
    ],
    [
      0.000588,
      "\u001b]2;http verse.pawelad.xyz/api/v1/python/\u0007\u001b]1;http\u0007"
    ],
    [
      0.421762,
      "\u001b[38;5;33mHTTP\u001b[39m\u001b[38;5;245m/\u001b[39m\u001b[38;5;37m1.0\u001b[39m\u001b[38;5;245m \u001b[39m\u001b[38;5;37m200\u001b[39m\u001b[38;5;245m \u001b[39m\u001b[38;5;136mOK\u001b[39m\r\n\u001b[38;5;245mAllow\u001b[39m\u001b[38;5;245m:\u001b[39m\u001b[38;5;245m \u001b[39m\u001b[38;5;37mGET, OPTIONS\u001b[39m\r\n\u001b[38;5;245mContent-Type\u001b[39m\u001b[38;5;245m:\u001b[39m\u001b[38;5;245m \u001b[39m\u001b[38;5;37mapplication/json\u001b[39m\r\n\u001b[38;5;245mDate\u001b[39m\u001b[38;5;245m:\u001b[39m\u001b[38;5;245m \u001b[39m\u001b[38;5;37mFri, 31 Mar 2017 10:49:43 GMT\u001b[39m\r\n\u001b[38;5;245mServer\u001b[39m\u001b[38;5;245m:\u001b[39m\u001b[38;5;245m \u001b[39m\u001b[38;5;37mWSGIServer/0.2 CPython/3.6.0\u001b[39m\r\n\u001b[38;5;245mVary\u001b[39m\u001b[38;5;245m:\u001b[39m\u001b[38;5;245m \u001b[39m\u001b[38;5;37mAccept, Cookie\u001b[39m\r\n\u001b[38;5;245mX-Frame-Options\u001b[39m\u001b[38;5;245m:\u001b[39m\u001b[38;5;245m \u001b[39m\u001b[38;5;37mSAMEORIGIN\u001b[39m\r\r\n\r\r\n"
    ],
    [
      0.004112,
      "\u001b[38;5;245m{\u001b[39m\r\n\u001b[38;5;245m    \u001b[39m\u001b[38;5;33m\"latest\"\u001b[39m\u001b[38;5;245m:\u001b[39m\u001b[38;5;245m \u001b[39m\u001b[38;5;37m\"3.6.1\"\u001b[39m\r\n\u001b[38;5;245m}\u001b[39m\r\n\r\n"
    ],
    [
      0.037098,
      "\u001b[1m\u001b[7m%\u001b[27m\u001b[1m\u001b[0m                                                                               \r \r"
    ],
    [
      0.077027,
      "\u001b]2;pawelad@bender: ~\u0007\u001b]1;~\u0007"
    ],
    [
      0.0129,
      "\r\u001b[0m\u001b[27m\u001b[24m\u001b[J\r\n\u001b[1m\u001b[34m#\u001b[00m \u001b[36mpawelad \u001b[37mat \u001b[32mbender \u001b[37min \u001b[1m\u001b[33m~\u001b[00m \u001b[37m[11:49:43]\r\n\u001b[1m\u001b[31m→ \u001b[00m\u001b[K"
    ],
    [
      5.1e-05,
      "\u001b[?1h\u001b="
    ],
    [
      2.933153,
      "\u001b[H\u001b[2J\u001b[0m\u001b[27m\u001b[24m\u001b[J\r\n\u001b[1m\u001b[34m#\u001b[00m \u001b[36mpawelad \u001b[37mat \u001b[32mbender \u001b[37min \u001b[1m\u001b[33m~\u001b[00m \u001b[37m[11:49:43]\r\n\u001b[1m\u001b[31m→ \u001b[00m\u001b[K"
    ],
    [
      0.544106,
      "\u001b[32mhttp\u001b[39m verse.pawelad.xyz/api/v1/python/"
    ],
    [
      0.817096,
      "\b \b"
    ],
    [
      0.127518,
      "\b \b"
    ],
    [
      0.103231,
      "\b \b"
    ],
    [
      0.121092,
      "\b \b"
    ],
    [
      0.119973,
      "\b \b"
    ],
    [
      0.127924,
      "\b \b"
    ],
    [
      0.127806,
      "\b \b"
    ],
    [
      0.496378,
      "j"
    ],
    [
      0.168056,
      "q"
    ],
    [
      0.015733,
      "u"
    ],
    [
      0.200084,
      "e"
    ],
    [
      0.111727,
      "r"
    ],
    [
      0.120413,
      "y"
    ],
    [
      1.103799,
      "/"
    ],
    [
      0.640469,
      "m"
    ],
    [
      0.119648,
      "a"
    ],
    [
      0.072152,
      "j"
    ],
    [
      0.151741,
      "o"
    ],
    [
      0.079176,
      "r"
    ],
    [
      0.449015,
      "/"
    ],
    [
      0.29449,
      "\u001b[?1l\u001b>"
    ],
    [
      0.001893,
      "\r\r\n"
    ],
    [
      0.000477,
      "\u001b]2;http verse.pawelad.xyz/api/v1/jquery/major/\u0007\u001b]1;http\u0007"
    ],
    [
      0.341076,
      "\u001b[38;5;33mHTTP\u001b[39m\u001b[38;5;245m/\u001b[39m\u001b[38;5;37m1.0\u001b[39m\u001b[38;5;245m \u001b[39m\u001b[38;5;37m200\u001b[39m\u001b[38;5;245m \u001b[39m\u001b[38;5;136mOK\u001b[39m\r\n\u001b[38;5;245mAllow\u001b[39m\u001b[38;5;245m:\u001b[39m\u001b[38;5;245m \u001b[39m\u001b[38;5;37mGET, OPTIONS\u001b[39m\r\n\u001b[38;5;245mContent-Type\u001b[39m\u001b[38;5;245m:\u001b[39m\u001b[38;5;245m \u001b[39m\u001b[38;5;37mapplication/json\u001b[39m\r\n\u001b[38;5;245mDate\u001b[39m\u001b[38;5;245m:\u001b[39m\u001b[38;5;245m \u001b[39m\u001b[38;5;37mFri, 31 Mar 2017 10:49:53 GMT\u001b[39m\r\n\u001b[38;5;245mServer\u001b[39m\u001b[38;5;245m:\u001b[39m\u001b[38;5;245m \u001b[39m\u001b[38;5;37mWSGIServer/0.2 CPython/3.6.0\u001b[39m\r\n\u001b[38;5;245mVary\u001b[39m\u001b[38;5;245m:\u001b[39m\u001b[38;5;245m \u001b[39m\u001b[38;5;37mAccept, Cookie\u001b[39m\r\n\u001b[38;5;245mX-Frame-Options\u001b[39m\u001b[38;5;245m:\u001b[39m\u001b[38;5;245m \u001b[39m\u001b[38;5;37mSAMEORIGIN\u001b[39m\r\r\n\r\r\n"
    ],
    [
      0.0032,
      "\u001b[38;5;245m{\u001b[39m\r\n\u001b[38;5;245m    \u001b[39m\u001b[38;5;33m\"1\"\u001b[39m\u001b[38;5;245m:\u001b[39m\u001b[38;5;245m \u001b[39m\u001b[38;5;37m\"1.12.4\"\u001b[39m\u001b[38;5;245m,\u001b[39m\r\n\u001b[38;5;245m    \u001b[39m\u001b[38;5;33m\"2\"\u001b[39m\u001b[38;5;245m:\u001b[39m\u001b[38;5;245m \u001b[39m\u001b[38;5;37m\"2.2.4\"\u001b[39m\u001b[38;5;245m,\u001b[39m\r\n\u001b[38;5;245m    \u001b[39m\u001b[38;5;33m\"3\"\u001b[39m\u001b[38;5;245m:\u001b[39m\u001b[38;5;245m \u001b[39m\u001b[38;5;37m\"3.2.1\"\u001b[39m\r\n\u001b[38;5;245m}\u001b[39m\r\n\r\n"
    ],
    [
      0.045537,
      "\u001b[1m\u001b[7m%\u001b[27m\u001b[1m\u001b[0m                                                                               \r \r"
    ],
    [
      0.094224,
      "\u001b]2;pawelad@bender: ~\u0007\u001b]1;~\u0007"
    ],
    [
      0.013825,
